group,legendary_rate,regular_rate
Winners,12.753999999999998,87.24600000000001
Losers,3.6220000000000003,96.378
