stat,winner_mean,winner_std,loser_mean,loser_std,mean_difference,percentage_difference,t_statistic,p_value,cohens_d,effect_size,significant
HP,72.53288,23.36076097666059,65.63398,26.5131798985668,6.898900000000012,10.511171195164474,43.65563820950023,0.0,0.2761024989005914,Small,True
Attack,87.4142,32.595482013140305,70.74194,30.29665167602611,16.672259999999994,23.567716689703442,83.77380095633222,0.0,0.5298320385432036,Medium,True
Defense,75.96792,28.88184229044058,72.42922,34.02302193386164,3.5387000000000057,4.8857353427249475,17.73020923598888,3.1414693499756534e-70,0.11213568915415739,Small,True
Sp. Atk,80.81622,33.9639955831395,64.7419,29.244205389460955,16.07432,24.82831056858078,80.19583203952048,0.0,0.5072029761943824,Medium,True
Sp. Def,76.35536,26.127313141619442,67.7401,28.886402345650616,8.615260000000006,12.718109362106059,49.4597488915179,0.0,0.3128109179943697,Small,True
Speed,82.23526,27.641394929827133,54.25838,23.44583148271518,27.976879999999994,51.562320880203195,172.59463888244585,0.0,1.0915843416055746,Large,True
Generation,3.3493,1.6591999785714133,3.3139,1.6472586497636563,0.0354000000000001,1.0682277678867829,3.385613180462669,0.0007104671553578092,0.021412497853097436,Small,True
