,HP,Attack,Defense,Sp. Atk,Sp. Def,Speed,Generation
HP,1.0,0.4223860287762229,0.23962231884672594,0.36237985740715567,0.3787180686125631,0.17595206187898577,0.05868250804073853
Attack,0.4223860287762229,1.0,0.4386870551184902,0.3963617553492322,0.26398955110108824,0.3812397392410898,0.05145133670847111
Defense,0.23962231884672594,0.4386870551184902,1.0,0.22354860947242255,0.5107465890885571,0.01522659808859742,0.04241856657677592
Sp. Atk,0.36237985740715567,0.3963617553492322,0.22354860947242255,1.0,0.5061214206155485,0.47301788366869885,0.036436828648675035
Sp. Def,0.3787180686125631,0.26398955110108824,0.5107465890885571,0.5061214206155485,1.0,0.25913311391680766,0.028485991779450208
Speed,0.17595206187898577,0.3812397392410898,0.01522659808859742,0.47301788366869885,0.25913311391680766,1.0,-0.02312106042589799
Generation,0.05868250804073853,0.05145133670847111,0.04241856657677592,0.036436828648675035,0.028485991779450208,-0.02312106042589799,1.0
