column,count,mean,median,mode,min,max,range,q1,q3,iqr,std,variance,cv,skewness,kurtosis,se_mean,mad,percentile_5,percentile_95,percentile_99
HP,800,69.25875,65.0,60,1,255,254,50.0,80.0,30.0,25.53466903233207,652.0193225907384,36.8685098017681,1.5682243758418617,7.232078374375156,0.9027868814058071,18.840481250000003,35.95,110.0,150.0
Attack,800,79.00125,75.0,100,5,190,185,55.0,100.0,45.0,32.45736586949845,1053.4805991864832,41.08462317937811,0.5516137480269772,0.1697173149230906,1.1475411752887579,25.82881875,30.0,136.19999999999982,165.0
Defense,800,73.8425,70.0,70,5,230,225,50.0,90.0,40.0,31.183500559332934,972.4107071339174,42.22974650009538,1.1559123029560856,2.726260359939344,1.1025032353319408,23.893599999999996,35.0,130.0,180.0
Sp. Atk,800,72.82,65.0,60,10,194,184,49.75,95.0,45.25,32.7222941688016,1070.748535669587,44.93586125899698,0.7446624978300574,0.29789366073147416,1.1569078051370314,26.418200000000002,30.0,131.04999999999995,165.04999999999995
Sp. Def,800,71.9025,70.0,80,20,230,210,50.0,90.0,40.0,27.82891579711746,774.4485544430538,38.703683178077895,0.8540186115468782,1.628394056784738,0.9839007536605595,22.023481250000003,32.95,120.0,150.0
Speed,800,68.2775,65.0,50,5,180,175,45.0,90.0,45.0,29.060473717161464,844.5111326658323,42.56229902553764,0.35793329506082994,-0.2364366728440488,1.0274429014949154,23.90915,25.0,115.0,145.0
