column,shapiro_stat,shapiro_p,shapiro_normal,ks_stat,ks_p,ks_normal,anderson_stat,anderson_normal,jb_stat,jb_p,jb_normal
HP,0.9158320940777537,1.1523642181572454e-20,False,0.09575403042922259,7.776867700792102e-07,False,8.448794388689521,False,2044.8390762063682,0.0,False
Attack,0.9789300914531911,2.4721544454875703e-09,False,0.0641853561971879,0.002617537103478109,False,4.410165792814041,False,41.284123529919775,1.0845922088708031e-09,False
Defense,0.9380627974921573,9.923171943899816e-18,False,0.09653443257026112,6.108020699986995e-07,False,9.09076691052394,False,420.80028548425014,4.2109396321572064e-92,False
Sp. Atk,0.9595379665844156,4.665141004586872e-14,False,0.10818976413710474,1.3094672024019312e-08,False,8.810243667322993,False,76.43441584673893,2.526256739522625e-17,False
Sp. Def,0.9607658547869564,8.25179100814156e-14,False,0.07919570930445535,8.221930714843209e-05,False,5.412896997719599,False,183.3650312363568,1.5233138124679346e-40,False
Speed,0.9841601747324947,1.309542171314861e-07,False,0.06711551237852481,0.0014101405026583553,False,3.3263069309131197,False,18.97756949282537,7.569603729261212e-05,False
