Type 2,Count,Percentage
,386,48.25
Flying,97,12.125
Ground,35,4.375
Poison,34,4.25
Psychic,33,4.125
Fighting,26,3.25
Grass,25,3.125
Fairy,23,2.875
Steel,22,2.75
Dark,20,2.5
Dragon,18,2.25
Ice,14,1.7500000000000002
Rock,14,1.7500000000000002
Water,14,1.7500000000000002
Ghost,14,1.7500000000000002
Fire,12,1.5
Electric,6,0.75
Normal,4,0.5
Bug,3,0.375
