,ID,HP,Attack,Defense,Sp. Atk,Sp. Def,Speed,Generation
count,800.0,800.0,800.0,800.0,800.0,800.0,800.0,800.0
mean,400.5,69.25875,79.00125,73.8425,72.82,71.9025,68.2775,3.32375
std,231.08440016582685,25.53466903233207,32.45736586949845,31.183500559332934,32.7222941688016,27.82891579711746,29.060473717161464,1.6612904004849451
min,1.0,1.0,5.0,5.0,10.0,20.0,5.0,1.0
25%,200.75,50.0,55.0,50.0,49.75,50.0,45.0,2.0
50%,400.5,65.0,75.0,70.0,65.0,70.0,65.0,3.0
75%,600.25,80.0,100.0,90.0,95.0,90.0,90.0,5.0
max,800.0,255.0,190.0,230.0,194.0,230.0,180.0,6.0
