Type 1,Count,Percentage
Water,112,14.000000000000002
Normal,98,12.25
Grass,70,8.75
Bug,69,8.625
Psychic,57,7.124999999999999
Fire,52,6.5
Rock,44,5.5
Electric,44,5.5
Ground,32,4.0
Ghost,32,4.0
Dragon,32,4.0
Dark,31,3.875
Poison,28,3.5000000000000004
Fighting,27,3.375
Steel,27,3.375
Ice,24,3.0
Fairy,17,2.125
Flying,4,0.5
