,Average_Winner_Stats,Average_Loser_Stats
HP,72.53288,65.63398
Attack,87.4142,70.74194
Defense,75.96792,72.42922
Sp. Atk,80.81622,64.7419
Sp. Def,76.35536,67.7401
Speed,82.23526,54.25838
