,First_pokemon,Second_pokemon,Winner
count,50000.0,50000.0,50000.0
mean,400.49564,403.15966,408.8901
std,229.54942936065163,230.0836441348023,231.15996132666314
min,1.0,1.0,1.0
25%,203.0,207.0,206.0
50%,399.0,402.0,422.0
75%,597.25,602.0,606.0
max,800.0,800.0,800.0
